{
  "server.py": 1776079240.874831,
  "test-cases/interactive_guess_game.py": 1776063366.2563365,
  "test-cases/ram_statefulness_step2.py": 1776063366.256207,
  "test-cases/data_science_demo_step2.py": 1776063366.2566242,
  "test-cases/filesystem_statefulness_step1.py": 1776063366.2557826,
  "test-cases/filesystem_statefulness_step2.py": 1776063366.2559345,
  "test-cases/data_science_demo_step1.py": 1776063366.256462,
  "test-cases/ram_statefulness_step1.py": 1776063366.2560804,
  "requirements.txt": 1776073227.473837,
  "README.md": 1776075816.1482787,
  "test-cases/README.md": 1776063366.2555866,
  "docs/jupyter-vs-pyruntime-forge.md": 1776064322.268511,
  "screenshots/Main.png": 1775857693.974456,
  "screenshots/Login_page.png": 1775857693.973788,
  "screenshots/Signup_Page.png": 1775857693.9754872
}